माह,डोमेन,क्रम संख्या,गतिविधि का नाम,गतिविधि का विवरण
अप्रैल,मैं हूँ निर्माणकर्ता,1.1,स्थानीय भाषा का शब्दकोश निर्माण,"शिक्षक बच्चों को अपने आस-पास की स्थानीय भाषा एवं बोलचाल के शब्दों को संग्रहित करने के लिए प्रेरित करेंगे और इससे शब्दकोश का निर्माण कराएंगे।"
अप्रैल,मैं हूँ निर्माणकर्ता,1.2,पोस्टर; ग्रीटिंग एवं विभिन्न कार्ड निर्माण,"पुराने शादी कार्ड, चार्ट पेपर एवं अन्य सामग्रियों के माध्यम से हम खूबसूरत पोस्टर/ ग्रीटिंग कार्ड का निर्माण कर सकते हैं। प्रभात फेरी एवं अन्य कार्यक्रमों में इसका प्रयोग किया जा सकता है।"
अप्रैल,मैं हूँ निर्माणकर्ता,1.3,खिलौना निर्माण,"खाली बोतल, माचिस की तीली, रबर, लकड़ी के छोटे टुकड़े आदि ढेरों ऐसी सामग्रियों से हम अनेक छोटे छोटे खिलौने बना सकते हैं एवं पाठ्य पुस्तक में दिए गए गतिविधियों में इसका आसानी से प्रयोग कर सकते हैं।"
अप्रैल,मैं हूँ निर्माणकर्ता,1.4,विभिन्न विषयों पर प्रोजेक्ट निर्माण,"शिक्षक बच्चों को विभिन्न विषयों पर प्रोजेक्ट निर्माण हेतु प्रेरित करेंगे। ऐसे प्रोजेक्ट निर्माण हेतु कम लागत अथवा बेकार के चार्ट पेपर का प्रयोग किया जा सकता है। प्रोजेक्ट निर्माण से बच्चे सरलता से सीखते हैं।"
अप्रैल,मैं हूँ निर्माणकर्ता,1.5,बाल अखबार/पत्रिका बनाना,"बाल पत्रिका एवं अखबार बच्चों के सीखने में काफी मददगार हो सकता है। इसके लिए शिक्षक ‘बाल मन कोना’ का प्रयोग कर सकते हैं।"
अप्रैल,मैं हूँ निर्माणकर्ता,1.6,स्थानीय चित्रकला निर्माण,"बिहार राज्य के स्थानीय चित्रकला जैसे मिथिला की मधुबनी पेंटिंग, भागलपुर का मंजूषा, पटना का टिकुली एवं कोहबर आदि कलाओं से बच्चों को परिचित कराया जा सकता है। इसके लिए समय- समय पर स्थानीय कलाकारों को भी बुलाया जा सकता है।"
अप्रैल,मैं हूँ निर्माणकर्ता,1.7,हस्तशिल्प निर्माण,"हाथों और सरल औजारों की सहायता से बनायी जाने वाली हस्तकला का अपना धार्मिक एवं सांस्कृतिक महत्त्व होता है। बांस या कागज से चटाई, टोकरी आदि का निर्माण बच्चों से करवाया जा सकता है।"
अप्रैल,मैं हूँ निर्माणकर्ता,1.8,टंग ट्विस्टर बनाना और उच्चारण,"जब एक ही तरह के शब्दों से वाक्य बनाकर उसे जल्दी-जल्दी सही उच्चारण के साथ बोलने को कहा जाए तो उसे टंग ट्विस्टर कहते हैं। जैसे - समझ-समझ के समझ को समझो..."
अप्रैल,मैं हूँ निर्माणकर्ता,1.9,पहेली निर्माण और संग्रह,"इस दिन शिक्षक द्वारा छात्रों के साथ मिलकर तरह-तरह के पहेली/बुझौअल का निर्माण, संग्रह कर बच्चों के बीच 'बूझो तो जाने' जैसी गतिविधि आयोजित की जा सकती है।"
अप्रैल,मैं हूँ निर्माणकर्ता,1.10,ऑरगामी,"ऑरगामी वह कला है, जिसमें कागज को कई डिजाइनों में फोल्ड किया जाता है, जिससे एक आकृति बनती है। जापानी भाषा में ‘ओरू’ का मतलब फोल्ड करना और ‘गेमी’ का मतलब पेपर होता है।"
मई,मैं हूँ प्रबंधक/नेतृत्वकर्ता,2.1,कक्षा की सजावट,"इसके अंतर्गत वर्ग कक्ष में पोस्टर, स्माइली, स्टार, प्रख्यात कवियों और लेखकों के कोट्स लगा सकते हैं। कक्षा को एक थीम जैसे हरियाली, इंद्रधनुष, आकाश गंगा आदि पर सजाया जा सकता है।"
मई,मैं हूँ प्रबंधक/नेतृत्वकर्ता,2.2,जिल्दसाजी,"बच्चों को अपनी फटी किताब-कॉपियों को सिलने और उनपर जिल्द लगाने, छाँटाई, गोंद लगाने आदि के तरीकों और उसके लिए ज़रूरी सामग्रियों के बारे में बताया जा सकता है।"
मई,मैं हूँ प्रबंधक/नेतृत्वकर्ता,2.3,पुस्तकालय का रख-रखाव,"इसके अंतर्गत पुस्तकालय की साफ-सफाई, कक्षावार, विषयवार पुस्तकों को व्यवस्थित करना, सूची बनाना, नंबरिंग करना आदि से संबंधित कार्य कराया जा सकता है।"
मई,मैं हूँ प्रबंधक/नेतृत्वकर्ता,2.4,कक्षा/स्कूल की दीवार पेंटिंग,"शिक्षक अपने नेतृत्व में विद्यालय की चहारदीवारी और दीवारों पर नैतिक शिक्षा की सूक्तियाँ, स्वच्छता संबंधी पंक्तियाँ, हिन्दी वर्णमाला आदि की पेंटिंग करवा सकते हैं।"
मई,मैं हूँ प्रबंधक/नेतृत्वकर्ता,2.5,यूथ क्लब/इको क्लब कार्य,"इसके अंतर्गत यूथ क्लब/ इको क्लब के कार्यों, इसके महत्व एवं इसके प्रति बच्चों की जवाबदेही के बारे में जागरूक किया जा सकता है।"
मई,मैं हूँ प्रबंधक/नेतृत्वकर्ता,2.6,विज्ञान/गणित क्लब कार्य,"गणित एवं विज्ञान लैब का भ्रमण, उसकी साफ-सफाई, विज्ञान से संबंधित क्विज, मॉडल और चार्ट का निर्माण तथा विज्ञान संगोष्ठी का आयोजन कराया जा सकता है।"
मई,मैं हूँ प्रबंधक/नेतृत्वकर्ता,2.7,बाल संसद/मीना मंच कार्य,"बाल संसद और मीना मंच के सदस्य अपने नोडल शिक्षक की सहायता से पूर्व में किए गए कार्यों, नवाचारों तथा उसके प्रभाव से साथियों को अवगत कराएंगे।"
मई,मैं हूँ प्रबंधक/नेतृत्वकर्ता,2.8,ब्लैक बोर्ड का रखरखाव,"इसके अंतर्गत ब्लैक बोर्ड की साफ-सफाई, सजावट एवं आवश्यकतानुसार कालीकरण का कार्य किया/कराया जा सकता है।"
मई,मैं हूँ प्रबंधक/नेतृत्वकर्ता,2.9,मध्याह्न भोजन प्रबंध,"चेतना सत्र में स्वच्छता संबंधी चर्चा करें जिसमें भोजन के पहले हाथ धोने तथा भोजन के लिए बैठने के उचित तरीके तथा उसकी आवश्यकता का जिक्र हो।"
मई,मैं हूँ प्रबंधक/नेतृत्वकर्ता,2.10,बायोडायवर्सिटी रजिस्टर,"विद्यालय परिसर में उपलब्ध विभिन्न प्रकार के पेड़-पौधों का नाम, संरचना, प्रकृति, रंग, गुण आदि के आधार पर पहचान करते हुए उनको रजिस्टर में दर्ज किया जा सकता है।"
जून,मैं हूँ कलाकार,3.1,"ड्राइंग, पेंटिंग, स्केचिंग","स्केचिंग का अर्थ रेखाचित्र है। ड्राइंग/ पेंटिंग का तात्पर्य कागज पर रेखा के माध्यम से चित्र बनाकर उसमें ब्रश के द्वारा रंगों को भरना होता है।"
जून,मैं हूँ कलाकार,3.2,थ्रेड पेंटिंग,"एक सादा कागज लेकर उसे आधा मोड़ें, फिर मोटा धागा लेकर उसे रंगों में डुबोएं और कागज के अंदर किसी भी रूप में रखकर दबाकर धागे को खींचें।"
जून,मैं हूँ कलाकार,3.3,मार्बल पेंटिंग,"विभिन्न रंगों के इनेमल पेंट को पानी की सतह पर गिरा कर उसके ऊपर सादा चार्ट पेपर रखकर आकृतियां बनाना जो मार्बल जैसा प्रतीत होता है।"
जून,मैं हूँ कलाकार,3.4,सैंड पेंटिंग,"कागज पर फेविकोल के द्वारा कोई आकृति बनाकर उस पर बालू या रेत डालना, जिससे वह आकृति बालू से बनी दिखती है।"
जून,मैं हूँ कलाकार,3.5,रंगोली,"चावल या गेहूं के आटे, सिंदूर, अबीर, हल्दी पाउडर और अन्य प्राकृतिक रंगों का प्रयोग कर जमीन या दीवारों पर चित्र बनाना।"
जून,मैं हूँ कलाकार,3.6,मिट्टी/क्ले मोल्डिंग,"मिट्टी को गूँथकर विभिन्न प्रकार की मूर्तियां, खिलौने एवं सामग्री बनाना जैसे- घड़ा, दीया, गुड़िया आदि।"
जून,मैं हूँ कलाकार,3.7,कागज का मुखौटा/टोपी,"कागज और चार्ट पेपर के द्वारा विभिन्न जानवरों, मानव आदि का मुखौटा और टोपी का निर्माण करना।"
जून,मैं हूँ कलाकार,3.8,"कोलाज, मूर्तिकला प्रशिक्षण","विभिन्न प्रकार की वस्तुओं जैसे कागज, कपड़ा, गोंद, प्लास्टिक लकड़ी आदि को एक पृष्ठ में सजाने से बनी दृश्य कला।"
जून,मैं हूँ कलाकार,3.9,थम्ब/लीफ/वेजिटेबल पेंटिंग,"अंगूठे, पत्तों या कटी हुई सब्जियों (भिंडी, आलू आदि) पर रंग लगाकर कागज पर आकृतियां उकेरने की कला।"
जून,मैं हूँ कलाकार,3.10,कला मेला,"विद्यालय में कला उत्सव मनाया जाए जिसमें बच्चों द्वारा नाटक, गीत-संगीत, नृत्य एवं चित्रकारी का प्रदर्शन किया जाए।"
जुलाई,मैं हूँ स्वच्छता प्रेमी,4.1,व्यक्तिगत स्वच्छता अभ्यास,"बच्चों में व्यक्तिगत स्वच्छता की अवधारणा की समझ हेतु गतिविधियां और अच्छा पालन करने वाले बच्चों को प्रोत्साहित करना।"
जुलाई,मैं हूँ स्वच्छता प्रेमी,4.2,स्वास्थ्य एवं अपशिष्ट प्रबंधन,"स्वास्थ्य, स्वच्छता और अपशिष्ट प्रबंधन संबंधित पेंटिंग, निबंध लेखन, नारा लेखन आदि गतिविधियां।"
जुलाई,मैं हूँ स्वच्छता प्रेमी,4.3,जीवन कौशल,"स्वयं की समझ, सृजनात्मकता, नेतृत्व क्षमता, डिजिटल साक्षरता, सामाजिक दक्षता आदि के विकास हेतु गतिविधियां।"
जुलाई,मैं हूँ स्वच्छता प्रेमी,4.4,MHM गतिविधियां,"कक्षा 6 और ऊपर की बालिकाओं के लिए नाटक, रोल प्ले और बातचीत के माध्यम से जागरूकता बढ़ाना।"
जुलाई,मैं हूँ स्वच्छता प्रेमी,4.5,तरंग कार्यक्रम,"किशोरावस्था के महत्व, नैसर्गिक परिवर्तन पर वार्तालाप, नृत्य-संगीत प्रतियोगिता और तनाव प्रबंधन हेतु हास-पररिहास प्रतियोगिता।"
जुलाई,मैं हूँ स्वच्छता प्रेमी,4.6,मूल्य परक शिक्षा,"पंचतंत्र की कहानियाँ, महापुरुषों की जीवनी, मूल्यपरक दोहे, रोल प्ले और फिल्म आदि के माध्यम से मूल्यों की समझ।"
जुलाई,मैं हूँ स्वच्छता प्रेमी,4.7,जीरो वेस्ट कैंपस,"रसोई घर से निकले अवशिष्ट से खाद तैयार करना और पोषण वाटिका में इसका प्रयोग करना।"
जुलाई,मैं हूँ स्वच्छता प्रेमी,4.8,साबुन बैंक की स्थापना,"छात्रों और शिक्षकों के सहयोग से साबुन बैंक की स्थापना और उसे समृद्ध बनाने के उपायों पर चर्चा।"
जुलाई,मैं हूँ स्वच्छता प्रेमी,4.9,योग,"योग की आवश्यकता, महत्व, उपयोगिता एवं तरीकों पर चर्चा करते हुए विभिन्न योगासनों का अभ्यास।"
जुलाई,मैं हूँ स्वच्छता प्रेमी,4.10,कीटनाशक तैयार करना,"शिक्षक की देखरेख में घरेलू पदार्थों जैसे काली मिर्च, लहसुन, अदरक, राख आदि का प्रयोग कर कीटनाशक तैयार करना।"
माह,डोमेन,क्रम संख्या,गतिविधि का नाम,गतिविधि का विवरण
अगस्त,मैं हूँ देशभक्त / अभियंता,5.1,विभिन्न प्रार्थना गीत,शिक्षक विभिन्न प्रार्थना गीतों से बच्चों का परिचय कराएंगे जो हिंदी के अतिरिक्त बिहार की विभिन्न भाषाओं और बोलियों में हो सकते हैं।
अगस्त,मैं हूँ देशभक्त / अभियंता,5.2,वीरता पुरस्कारों पर चर्चा,देश की रक्षा में प्राणों की बाजी लगाने वाले वीरों की वीर गाथाओं और वीरता पुरस्कारों के संबंध में बच्चों से चर्चा करेंगे।
अगस्त,मैं हूँ देशभक्त / अभियंता,5.3,लोक/क्षेत्रीय/देशभक्ति गीत,अपनी दादी-नानी से त्योहारों में गाए जाने वाले लोकगीतों को सुनने और राष्ट्रीयता की भावना से ओतप्रोत गीतों को सीखने के लिए प्रेरित करना।
अगस्त,मैं हूँ देशभक्त / अभियंता,5.4,रोल प्ले,जब छात्र-छात्रा किसी खास चरित्र की भूमिका उसके व्यवहारों के साथ निभाते हैं। इससे सीखने की प्रक्रिया में छात्र सक्रिय रूप से शामिल होते हैं।
अगस्त,मैं हूँ देशभक्त / अभियंता,5.5,नृत्य,लय और ताल के साथ किया जाने वाला सौंदर्यपरक अंग संचालन। भारत के विभिन्न शास्त्रीय और लोक नृत्यों से बच्चों का परिचय करवाना।
अगस्त,मैं हूँ देशभक्त / अभियंता,5.6,माइम (मूक अभिनय),बिना शब्दों का प्रयोग किए शारीरिक अंग संचालन और हाव-भाव के माध्यम से अभिनय करना। कलाकार के चेहरे को सफेद रंग से रंगा जाता है।
अगस्त,मैं हूँ देशभक्त / अभियंता,5.7,नुक्कड़-नाटक,सामाजिक और जागरूकता से जुड़े विषयों पर किसी सार्वजनिक स्थान पर बिना किसी पूर्व निर्धारित मंच के नाटक की प्रस्तुति करना।
अगस्त,मैं हूँ देशभक्त / अभियंता,5.8,प्रहसन एवं एंकरिंग,नाटक की वह विधा जिसमें हास्य और व्यंग का प्रयोग किया जाता है। साथ ही बच्चों को मंच संचालन (एंकरिंग) की कला सिखाना।
अगस्त,मैं हूँ देशभक्त / अभियंता,5.9,लोक नृत्य,सामान्य लोकजीवन और परंपरा से पैदा होने वाले नृत्यों को सीखने के लिए प्रोत्साहित करना जिनकी प्रस्तुति विद्यालय के आयोजनों में की जा सके।
अगस्त,मैं हूँ देशभक्त / अभियंता,5.10,वाद्ययंत्र बजाना,गांव-समुदाय में होने वाले संगीत कार्यक्रमों का अवलोकन करना और वाद्ययंत्रों के निर्माण और उन्हें बजाने के लिए प्रोत्साहित करना।
सितंबर,मैं हूँ शिक्षक,6.1,बाल अधिकार कार्यक्रम,बच्चों को शिक्षा के अधिकार (RTE) के अंतर्गत 6-14 साल की उम्र के बच्चों के विद्यालय में नामांकन के अनिवार्य कानूनी अधिकार की जानकारी देना।
सितंबर,मैं हूँ शिक्षक,6.2,शिक्षक दिवस विशेष,डॉ. सर्वपल्ली राधाकृष्णन की जीवनी पर प्रकाश डालना और वाद-विवाद/निबंध प्रतियोगिता के माध्यम से शिक्षक के प्रति सम्मान की भावना जागृत करना।
सितंबर,मैं हूँ शिक्षक,6.3,नक्शा पढ़ना/बनाना,विद्यालय में उपलब्ध मानचित्रों के संकेतों को समझना और बच्चों से विद्यालय एवं उनके गांव/मोहल्ले का नज़री नक्शा बनवाना।
सितंबर,मैं हूँ शिक्षक,6.4,वित्तीय साक्षरता,बैंक और डाकघर का भ्रमण कराकर वित्तीय लेनदेन; निकासी/जमा पर्ची भरना; ATM; चेक और बीमा से संबंधित जानकारी देना।
सितंबर,मैं हूँ शिक्षक,6.5,समस्या समाधान प्रयास,आस-पास की समस्याओं की पहचान करना और उनके निदान हेतु योजना निर्माण एवं क्रियान्वयन की समझ विकसित करना।
सितंबर,मैं हूँ शिक्षक,6.6,हमारी भी सुनिए कार्यक्रम,शिक्षक-छात्र संवाद गोष्ठी का आयोजन करना जहाँ बच्चे बेझिझक अपनी कठिनाइयों और स्कूल संबंधी शिकायतों को शिक्षकों के बीच रखेंगे।
सितंबर,मैं हूँ शिक्षक,6.7,पोषण मेला,विद्यालय में पोषण मेला लगाकर सभी खाद्य सामग्रियों को प्रदर्शित करना और उनके पोषक तत्वों के बारे में जानकारी देना।
सितंबर,मैं हूँ शिक्षक,6.8,मीडिया साक्षरता,विभिन्न प्रकार के मीडिया माध्यमों (प्रिंट; इलेक्ट्रॉनिक; डिजिटल) और उनके सही उपयोग के बारे में जानकारी देना।
सितंबर,मैं हूँ शिक्षक,6.9,सहयोगात्मक शिक्षण,बच्चों के समूह बनाकर उन्हें एक साथ गतिविधि के माध्यम से सीखने के लिए प्रेरित करना जिससे वे एक-दूसरे का सहयोग करना सीखें।
सितंबर,मैं हूँ शिक्षक,6.10,बुक बैंक निर्माण,पूर्व छात्रों और समुदाय से शैक्षिक पत्र-पत्रिकाओं और पुस्तकों का स्वैच्छिक दान लेकर विद्यालय में बुक बैंक की स्थापना करना।
अक्टूबर,मैं हूँ अनुसंधानकर्ता,7.1,गणित मेला,गणित के प्रति रुचि बढ़ाने के लिए आकृतियों; संख्या और मापतौल पर आधारित चार्ट और गणितीय खेलों का आयोजन करना।
अक्टूबर,मैं हूँ अनुसंधानकर्ता,7.2,क्षेत्र भ्रमण,आस-पास के स्कूलों; अस्पतालों; फैक्ट्रियों; डाकघरों; बैंकों; पंचायत भवनों और नर्सरी का समूह में भ्रमण करना।
अक्टूबर,मैं हूँ अनुसंधानकर्ता,7.3,सांस्कृतिक स्थलों का भ्रमण,विद्यालय के आसपास ऐतिहासिक; पुरातात्विक अथवा शैक्षिक उपयोगिता वाले स्थानों का भ्रमण कर उन्हें संरक्षित करने की समझ बनाना।
अक्टूबर,मैं हूँ अनुसंधानकर्ता,7.4,कामगारों से संवाद,आसपास के कुम्हार; लोहार; बुनकर आदि के पास भ्रमण करना ताकि उनके काम करने के तरीकों के प्रति सम्मान का भाव विकसित हो।
अक्टूबर,मैं हूँ अनुसंधानकर्ता,7.5,विज्ञान मेला,विज्ञान से संबंधित वस्तुओं; चित्रों; चार्ट; प्रोजेक्ट और मॉडल का प्रदर्शन करना तथा आसान प्रयोगों को करके दिखाना।
अक्टूबर,मैं हूँ अनुसंधानकर्ता,7.6,वैज्ञानिकों पर प्रोजेक्ट,प्रसिद्ध वैज्ञानिकों के चित्र एकत्र करना; उनकी जीवनी और उपलब्धियों के बारे में प्रोजेक्ट बनाना तथा रोल प्ले करना।
अक्टूबर,मैं हूँ अनुसंधानकर्ता,7.7,इन्सपायर अवार्ड प्रोजेक्ट,भारत सरकार की इन्सपायर अवार्ड मानक योजना के बारे में विस्तार से बताना और ऑनलाइन आवेदन के लिए प्रेरित करना।
अक्टूबर,मैं हूँ अनुसंधानकर्ता,7.8,विज्ञान फिल्म प्रदर्शन,विज्ञान और अनुसंधान से संबंधित फिल्मों को दिखाना ताकि बच्चों में तकनीकी के प्रति रुचि और उत्सुकता जागृत हो सके।
अक्टूबर,मैं हूँ अनुसंधानकर्ता,7.9,खेल-खेल में विज्ञान,विद्यालय में विज्ञान विषय आधारित खेल गतिविधियां करवाना जिससे बच्चे विज्ञान की अवधारणाओं को सरलता से समझ सकें।
अक्टूबर,मैं हूँ अनुसंधानकर्ता,7.10,विज्ञान प्रश्नोत्तरी,विज्ञान विषय से संबंधित प्रश्नों का चयन; संकलन और निर्माण कर क्विज़ प्रतियोगिता का आयोजन करना।
नवंबर,मैं हूँ खिलाड़ी,8.1,शारीरिक व्यायाम,शारीरिक व्यायाम से संबंधित कुछ स्थायी गतिविधियों और व्यायाम का नियमित अभ्यास करवाना।
नवंबर,मैं हूँ खिलाड़ी,8.2,छोटे खेल (आइस ब्रेकर),पढ़ाई की एकरसता को भंग करने वाले खेल जैसे 'इन-आउट' जिससे बच्चे नई ऊर्जा के साथ अगले कार्य के लिए तैयार हों।
नवंबर,मैं हूँ खिलाड़ी,8.3,ज़ुम्बा,व्यायाम का एक रोचक प्रकार जिसमें संगीत की धुन पर डांस वर्कआउट किया जाता है।
नवंबर,मैं हूँ खिलाड़ी,8.4,एरोबिक्स,लयबद्ध संगीत के साथ किया जाने वाला सरल व्यायाम जो शारीरिक फिटनेस के लिए बहुत प्रभावी है।
नवंबर,मैं हूँ खिलाड़ी,8.5,इंडोर गेम्स,वैसे खेल जिनके लिए बड़े मैदान की ज़रूरत नहीं होती जैसे - लूडो; शतरंज; कैरम आदि।
नवंबर,मैं हूँ खिलाड़ी,8.6,आउटडोर गेम्स,मैदान में खेले जाने वाले खेल जैसे - क्रिकेट; फुटबॉल; हॉकी; कबड्डी इत्यादि।
नवंबर,मैं हूँ खिलाड़ी,8.7,स्थानीय खेल,क्षेत्र विशेष में खेले जाने वाले पारंपरिक खेल जैसे - गिल्ली डंडा; छुपन-छुपाई; कंचा (गोली) आदि।
नवंबर,मैं हूँ खिलाड़ी,8.8,खेल आधारित प्रोजेक्ट,खेलों के नियम; खिलाड़ियों की संख्या; खेल के प्रकार और प्रमुख खिलाड़ियों पर आधारित परियोजना कार्य।
नवंबर,मैं हूँ खिलाड़ी,8.9,खिलाड़ियों से बातचीत,स्थानीय या जिला स्तर के किसी चर्चित खिलाड़ी को स्कूल में आमंत्रित करना और उनके अनुभव बच्चों के साथ साझा करना।
नवंबर,मैं हूँ खिलाड़ी,8.10,खेल फिल्म प्रदर्शन,राष्ट्रीय और अंतरराष्ट्रीय स्तर के खेलों से संबंधित वीडियो या फिल्मों का प्रदर्शन करना और उन पर चर्चा करना।
दिसंबर,मैं हूँ समाज सेवक,9.1,पुलिस अधिकारियों से संवाद,स्थानीय पुलिस अधिकारियों से बातचीत के अवसर प्रदान करना जिससे बच्चों में कानून के प्रति सम्मान का भाव विकसित हो।
दिसंबर,मैं हूँ समाज सेवक,9.2,रोजगार संबंधी जानकारी,उन्नत कृषि; पशुपालन; मुर्गीपालन; जीविका और लघु उद्योगों के बारे में जानकारी देना और स्थानीय विशेषज्ञों को बुलाना।
दिसंबर,मैं हूँ समाज सेवक,9.3,सामाजिक कुरीति चर्चा,समाज में व्याप्त अंधविश्वास; भेदभाव; दहेज प्रथा; बाल विवाह आदि पर वाद-विवाद; नाटक और निबंध के माध्यम से चर्चा करना।
दिसंबर,मैं हूँ समाज सेवक,9.4,शिक्षा विभाग की योजनाएं,बालिकाओं की प्राथमिक शिक्षा; बेटी बचाओ-बेटी पढ़ाओ जैसी योजनाओं की जानकारी देना और उन पर लघु फिल्म दिखाना।
दिसंबर,मैं हूँ समाज सेवक,9.5,समाजसेवियों से संवाद,जनप्रतिनिधि; एएनएम; टोला सेवक; जीविका दीदी आदि की उपयोगिता समझाना और उनसे बातचीत का अवसर प्रदान करना।
दिसंबर,मैं हूँ समाज सेवक,9.6,समाज सेवा कहानियाँ,महान समाज सुधारकों जैसे राजा राममोहन राय की कहानियाँ सुनाना और समाजसेवियों की सूची तैयार करना।
दिसंबर,मैं हूँ समाज सेवक,9.7,कैरियर मार्गदर्शन,सामाजिक कार्यकर्ता होने के लिए आवश्यक विशेषताओं और मेडिकल; इंजीनियरिंग; कंप्यूटर आदि क्षेत्रों में उपयोगिता के बारे में बताना।
दिसंबर,मैं हूँ समाज सेवक,9.8,स्थानीय समस्या खोज,विद्यालयों में बच्चों की अनुपस्थिति और ड्रॉप-आउट के कारणों का पता लगाना तथा माता-पिता से मिलकर समाधान ढूंढना।
दिसंबर,मैं हूँ समाज सेवक,9.9,बाल अधिकार और कर्तव्य,बाल शोषण के विरुद्ध अधिकार और बच्चों के समाज व देश के प्रति कर्तव्यों पर आपसी बातचीत और समझ विकसित करना।
दिसंबर,मैं हूँ समाज सेवक,9.10,नशा मुक्ति जागरूकता,नशीले पदार्थों के नुकसान पर चर्चा; पोस्टर बनाना और स्लोगन लिखना - 'जन-जन का है यही संदेश नशा मुक्त हो अपना देश'।
जनवरी,मैं हूँ वैज्ञानिक,10.1,वैज्ञानिक सोच का विकास,घटनाओं को 'क्या; क्यों और कैसे' के चश्मे से देखने की आदत डालना और विज्ञान सम्मत निर्णय पर पहुँचना।
जनवरी,मैं हूँ वैज्ञानिक,10.2,सामान्य ज्ञान क्विज़,विज्ञान का इतिहास; राजनीति; कला; साहित्य; जीव विज्ञान; खोज और अन्वेषण से संबंधित प्रश्न पूछना।
जनवरी,मैं हूँ वैज्ञानिक,10.3,शैक्षिक फिल्म प्रदर्शन,'तारे ज़मीं पर'; '3 इडियट्स'; 'सुपर 30' जैसी फिल्में दिखाकर उनसे मिलने वाली जानकारियों पर वार्तालाप करना।
जनवरी,मैं हूँ वैज्ञानिक,10.4,ICT उपकरणों का प्रयोग,रेडियो; टीवी; टेलीफोन; सैटेलाइट प्रणाली; कंप्यूटर के हार्डवेयर एवं सॉफ्टवेयर का प्रायोगिक ज्ञान देना।
जनवरी,मैं हूँ वैज्ञानिक,10.5,विज्ञान प्रदर्शनी,छात्रों में रचनात्मक विचारों को प्रदर्शित करने का अवसर देना जिससे उनकी सृजनात्मकता पोषित हो सके।
जनवरी,मैं हूँ वैज्ञानिक,10.6,ICT प्रोजेक्ट निर्माण,मोबाइल; कंप्यूटर और इंटरनेट का प्रयोग करके परियोजना निर्माण की गतिविधियां कराना और उनके उद्देश्य समझाना।
जनवरी,मैं हूँ वैज्ञानिक,10.7,मोबाइल फोटोग्राफी,मोबाइल के द्वारा छात्रों को फोटोग्राफी और लघु वीडियो निर्माण की बारीकियां सिखाना।
जनवरी,मैं हूँ वैज्ञानिक,10.8,विज्ञान प्रदश का निर्माण,प्रदर्शनी के माध्यम से छात्रों और अध्यापकों द्वारा नए अनुसंधानों से समाज में परिवर्तन लाने का प्रयास करना।
जनवरी,मैं हूँ वैज्ञानिक,10.9,भारतीय वैज्ञानिक,भारत के प्रसिद्ध वैज्ञानिकों के बारे में जानकारी देना जिससे बच्चे नई वैज्ञानिक खोज करने के लिए प्रेरित हो सकें।
जनवरी,मैं हूँ वैज्ञानिक,10.10,विज्ञान गतिविधियां,खेल-खेल में विज्ञान की रोचक गतिविधियां प्रस्तुत करना जिससे बच्चों में विषय के प्रति रुचि जागृत हो।
फ़रवरी,मैं हूँ साहित्यकार,11.1,स्लोगन लेखन,जयंती; विशेष दिवस या स्वच्छता; सफाई; भाईचारा आदि से संबंधित प्रेरणादायक आदर्श वाक्य लिखना और सुनाना।
फ़रवरी,मैं हूँ साहित्यकार,11.2,कविता/कहानी लेखन,लाइब्रेरी या बाल पत्रिकाओं से कहानी/कविता का पठन करना और स्वयं छोटी रचनाएँ लिखने के लिए प्रेरित करना।
फ़रवरी,मैं हूँ साहित्यकार,11.3,शब्द अंताक्षरी,हिंदी अथवा अंग्रेजी भाषा के शब्दों से समूह बनाकर अंताक्षरी का खेल आयोजित करना।
फ़रवरी,मैं हूँ साहित्यकार,11.4,गांधी कथा वाचन,महात्मा गांधी के जीवन से संबंधित छोटी-छोटी घटनाओं पर आधारित कथा सुनाना और बच्चों से भी सुनना।
फ़रवरी,मैं हूँ साहित्यकार,11.5,भाषण प्रतियोगिता,दिए गए विषय पर विचारों की अभिव्यक्ति। आशुभाषण में तत्काल विषय देकर 5-10 मिनट में वक्तव्य तैयार करवाना।
फ़रवरी,मैं हूँ साहित्यकार,11.6,निबंध लेखन,सरल शब्दों में छोटे-छोटे वाक्यों का प्रयोग करते हुए स्थानीय विषयों पर निबंध लिखने की क्षमता का विकास करना।
फ़रवरी,मैं हूँ साहित्यकार,11.7,यात्रा वृत्तांत/संस्मरण,किसी घटना या यात्रा के अपने अनुभवों का विवरण लिखना। इससे बच्चों में सृजनशीलता का विकास होता है।
फ़रवरी,मैं हूँ साहित्यकार,11.8,स्पेलिंग बी,हिंदी/अंग्रेजी के शब्दों को अक्षरों में तोड़कर बताने की प्रतियोगिता जिससे शुद्ध रूप से लिखने की क्षमता बढ़े।
फ़रवरी,मैं हूँ साहित्यकार,11.9,क्रॉस वर्ड,लंबवत और क्षैतिज खानों में अक्षर भरकर अर्थपूर्ण शब्द बनाना। यह दिमागी कसरत का एक रोचक खेल है।
फ़रवरी,मैं हूँ साहित्यकार,11.10,वाद-विवाद (डिबेट),बच्चों को दो समूहों में बाँटकर किसी विषय के पक्ष एवं विपक्ष में तर्क करने की क्षमता का विकास करना।
मार्च,मैं हूँ विरासत हितैषी,12.1,विशेष दिवस समारोह,पर्यावरण दिवस; पृथ्वी दिवस; स्वच्छता दिवस से संबंधित जानकारी देना और नाटक/संगीत आयोजित करना।
मार्च,मैं हूँ विरासत हितैषी,12.2,एक भारत-श्रेष्ठ भारत (त्रिपुरा),त्रिपुरा की संस्कृति; खान-पान; पहनावे एवं रहन-सहन से संबंधित जानकारी बच्चों के बीच साझा करना।
मार्च,मैं हूँ विरासत हितैषी,12.3,विषय आधारित प्रश्नोत्तरी,प्रश्नोत्तरी प्रतियोगिता के माध्यम से किसी विशेष दिन और विशेष विषय पर विस्तृत जानकारी देना।
मार्च,मैं हूँ विरासत हितैषी,12.4,पर्यटन स्थल भ्रमण,आस-पास के सांस्कृतिक; ऐतिहासिक एवं धार्मिक महत्व के स्थानों का भ्रमण और उन पर प्रोजेक्ट वर्क करना।
मार्च,मैं हूँ विरासत हितैषी,12.5,संस्कृति एवं विरासत कार्यक्रम,वीडियो/दृश्य-श्रव्य माध्यम से अपनी सभ्यता और विरासत की जानकारी देना और उस पर चर्चा करना।
मार्च,मैं हूँ विरासत हितैषी,12.6,एक भारत-श्रेष्ठ भारत (मिजोरम),मिजोरम राज्य की संस्कृति; खान-पान और वहां के विशेष पहनावे के बारे में जानकारी देना।
मार्च,मैं हूँ विरासत हितैषी,12.7,UNESCO विरासत फिल्म,बिहार; त्रिपुरा और मिजोरम के यूनेस्को विरासत स्थलों पर बनी फिल्मों का विद्यालय में प्रदर्शन करना।
मार्च,मैं हूँ विरासत हितैषी,12.8,वन्यजीव अभ्यारण्य जागरूकता,बिहार के वन्यजीव अभ्यारण्य और उद्यानों जैसे - पटना जू; राजगीर सफारी; बाल्मीकि नगर आदि की जानकारी देना।
मार्च,मैं हूँ विरासत हितैषी,12.9,अपशिष्ट प्रबंधन 3R,Reduce; Reuse और Recycle की प्रक्रिया पर आधारित नाटकीय गतिविधि द्वारा पर्यावरण सुरक्षा की जानकारी देना।
मार्च,मैं हूँ विरासत हितैषी,12.10,बिहार के पुरातत्व स्थल,नालंदा का खंडहर; जरासंध अखाड़ा; शेरशाह का मकबरा; बराबर पहाड़ी आदि के बारे में चर्चा और चित्र प्रदर्शन।